{
    "login": "jcoffield",
    "id": 15057,
    "avatar_url": "https://avatars.githubusercontent.com/u/15057?v=3",
    "gravatar_id": "",
    "url": "https://api.github.com/users/jcoffield",
    "html_url": "https://github.com/jcoffield",
    "followers_url": "https://api.github.com/users/jcoffield/followers",
    "following_url": "https://api.github.com/users/jcoffield/following{/other_user}",
    "gists_url": "https://api.github.com/users/jcoffield/gists{/gist_id}",
    "starred_url": "https://api.github.com/users/jcoffield/starred{/owner}{/repo}",
    "subscriptions_url": "https://api.github.com/users/jcoffield/subscriptions",
    "organizations_url": "https://api.github.com/users/jcoffield/orgs",
    "repos_url": "https://api.github.com/users/jcoffield/repos",
    "events_url": "https://api.github.com/users/jcoffield/events{/privacy}",
    "received_events_url": "https://api.github.com/users/jcoffield/received_events",
    "type": "User",
    "site_admin": false
}
