{
    "login": "copyhacker",
    "id": 3436,
    "avatar_url": "https://avatars.githubusercontent.com/u/3436?v=3",
    "gravatar_id": "",
    "url": "https://api.github.com/users/copyhacker",
    "html_url": "https://github.com/copyhacker",
    "followers_url": "https://api.github.com/users/copyhacker/followers",
    "following_url": "https://api.github.com/users/copyhacker/following{/other_user}",
    "gists_url": "https://api.github.com/users/copyhacker/gists{/gist_id}",
    "starred_url": "https://api.github.com/users/copyhacker/starred{/owner}{/repo}",
    "subscriptions_url": "https://api.github.com/users/copyhacker/subscriptions",
    "organizations_url": "https://api.github.com/users/copyhacker/orgs",
    "repos_url": "https://api.github.com/users/copyhacker/repos",
    "events_url": "https://api.github.com/users/copyhacker/events{/privacy}",
    "received_events_url": "https://api.github.com/users/copyhacker/received_events",
    "type": "User",
    "site_admin": false
}
