{
    "login": "jdalton",
    "id": 4303,
    "avatar_url": "https://avatars.githubusercontent.com/u/4303?v=3",
    "gravatar_id": "",
    "url": "https://api.github.com/users/jdalton",
    "html_url": "https://github.com/jdalton",
    "followers_url": "https://api.github.com/users/jdalton/followers",
    "following_url": "https://api.github.com/users/jdalton/following{/other_user}",
    "gists_url": "https://api.github.com/users/jdalton/gists{/gist_id}",
    "starred_url": "https://api.github.com/users/jdalton/starred{/owner}{/repo}",
    "subscriptions_url": "https://api.github.com/users/jdalton/subscriptions",
    "organizations_url": "https://api.github.com/users/jdalton/orgs",
    "repos_url": "https://api.github.com/users/jdalton/repos",
    "events_url": "https://api.github.com/users/jdalton/events{/privacy}",
    "received_events_url": "https://api.github.com/users/jdalton/received_events",
    "type": "User",
    "site_admin": false
}
