{
    "login": "simonmcc",
    "id": 15053,
    "avatar_url": "https://avatars.githubusercontent.com/u/15053?v=3",
    "gravatar_id": "",
    "url": "https://api.github.com/users/simonmcc",
    "html_url": "https://github.com/simonmcc",
    "followers_url": "https://api.github.com/users/simonmcc/followers",
    "following_url": "https://api.github.com/users/simonmcc/following{/other_user}",
    "gists_url": "https://api.github.com/users/simonmcc/gists{/gist_id}",
    "starred_url": "https://api.github.com/users/simonmcc/starred{/owner}{/repo}",
    "subscriptions_url": "https://api.github.com/users/simonmcc/subscriptions",
    "organizations_url": "https://api.github.com/users/simonmcc/orgs",
    "repos_url": "https://api.github.com/users/simonmcc/repos",
    "events_url": "https://api.github.com/users/simonmcc/events{/privacy}",
    "received_events_url": "https://api.github.com/users/simonmcc/received_events",
    "type": "User",
    "site_admin": false
}
