{
    "login": "apexsutherland",
    "id": 1855,
    "avatar_url": "https://avatars.githubusercontent.com/u/1855?v=3",
    "gravatar_id": "",
    "url": "https://api.github.com/users/apexsutherland",
    "html_url": "https://github.com/apexsutherland",
    "followers_url": "https://api.github.com/users/apexsutherland/followers",
    "following_url": "https://api.github.com/users/apexsutherland/following{/other_user}",
    "gists_url": "https://api.github.com/users/apexsutherland/gists{/gist_id}",
    "starred_url": "https://api.github.com/users/apexsutherland/starred{/owner}{/repo}",
    "subscriptions_url": "https://api.github.com/users/apexsutherland/subscriptions",
    "organizations_url": "https://api.github.com/users/apexsutherland/orgs",
    "repos_url": "https://api.github.com/users/apexsutherland/repos",
    "events_url": "https://api.github.com/users/apexsutherland/events{/privacy}",
    "received_events_url": "https://api.github.com/users/apexsutherland/received_events",
    "type": "User",
    "site_admin": false
}
