{
    "login": "eagerwombat",
    "id": 8042,
    "avatar_url": "https://avatars.githubusercontent.com/u/8042?v=3",
    "gravatar_id": "",
    "url": "https://api.github.com/users/eagerwombat",
    "html_url": "https://github.com/eagerwombat",
    "followers_url": "https://api.github.com/users/eagerwombat/followers",
    "following_url": "https://api.github.com/users/eagerwombat/following{/other_user}",
    "gists_url": "https://api.github.com/users/eagerwombat/gists{/gist_id}",
    "starred_url": "https://api.github.com/users/eagerwombat/starred{/owner}{/repo}",
    "subscriptions_url": "https://api.github.com/users/eagerwombat/subscriptions",
    "organizations_url": "https://api.github.com/users/eagerwombat/orgs",
    "repos_url": "https://api.github.com/users/eagerwombat/repos",
    "events_url": "https://api.github.com/users/eagerwombat/events{/privacy}",
    "received_events_url": "https://api.github.com/users/eagerwombat/received_events",
    "type": "User",
    "site_admin": false
}
