{
    "login": "ryanahamilton",
    "id": 3267,
    "avatar_url": "https://avatars.githubusercontent.com/u/3267?v=3",
    "gravatar_id": "",
    "url": "https://api.github.com/users/ryanahamilton",
    "html_url": "https://github.com/ryanahamilton",
    "followers_url": "https://api.github.com/users/ryanahamilton/followers",
    "following_url": "https://api.github.com/users/ryanahamilton/following{/other_user}",
    "gists_url": "https://api.github.com/users/ryanahamilton/gists{/gist_id}",
    "starred_url": "https://api.github.com/users/ryanahamilton/starred{/owner}{/repo}",
    "subscriptions_url": "https://api.github.com/users/ryanahamilton/subscriptions",
    "organizations_url": "https://api.github.com/users/ryanahamilton/orgs",
    "repos_url": "https://api.github.com/users/ryanahamilton/repos",
    "events_url": "https://api.github.com/users/ryanahamilton/events{/privacy}",
    "received_events_url": "https://api.github.com/users/ryanahamilton/received_events",
    "type": "User",
    "site_admin": false
}
