{
    "login": "robi42",
    "id": 16067,
    "avatar_url": "https://avatars.githubusercontent.com/u/16067?v=3",
    "gravatar_id": "",
    "url": "https://api.github.com/users/robi42",
    "html_url": "https://github.com/robi42",
    "followers_url": "https://api.github.com/users/robi42/followers",
    "following_url": "https://api.github.com/users/robi42/following{/other_user}",
    "gists_url": "https://api.github.com/users/robi42/gists{/gist_id}",
    "starred_url": "https://api.github.com/users/robi42/starred{/owner}{/repo}",
    "subscriptions_url": "https://api.github.com/users/robi42/subscriptions",
    "organizations_url": "https://api.github.com/users/robi42/orgs",
    "repos_url": "https://api.github.com/users/robi42/repos",
    "events_url": "https://api.github.com/users/robi42/events{/privacy}",
    "received_events_url": "https://api.github.com/users/robi42/received_events",
    "type": "User",
    "site_admin": false
}
