{
    "login": "orestis",
    "id": 9217,
    "avatar_url": "https://avatars.githubusercontent.com/u/9217?v=3",
    "gravatar_id": "",
    "url": "https://api.github.com/users/orestis",
    "html_url": "https://github.com/orestis",
    "followers_url": "https://api.github.com/users/orestis/followers",
    "following_url": "https://api.github.com/users/orestis/following{/other_user}",
    "gists_url": "https://api.github.com/users/orestis/gists{/gist_id}",
    "starred_url": "https://api.github.com/users/orestis/starred{/owner}{/repo}",
    "subscriptions_url": "https://api.github.com/users/orestis/subscriptions",
    "organizations_url": "https://api.github.com/users/orestis/orgs",
    "repos_url": "https://api.github.com/users/orestis/repos",
    "events_url": "https://api.github.com/users/orestis/events{/privacy}",
    "received_events_url": "https://api.github.com/users/orestis/received_events",
    "type": "User",
    "site_admin": false
}
