{
    "login": "mikea",
    "id": 3236,
    "avatar_url": "https://avatars.githubusercontent.com/u/3236?v=3",
    "gravatar_id": "",
    "url": "https://api.github.com/users/mikea",
    "html_url": "https://github.com/mikea",
    "followers_url": "https://api.github.com/users/mikea/followers",
    "following_url": "https://api.github.com/users/mikea/following{/other_user}",
    "gists_url": "https://api.github.com/users/mikea/gists{/gist_id}",
    "starred_url": "https://api.github.com/users/mikea/starred{/owner}{/repo}",
    "subscriptions_url": "https://api.github.com/users/mikea/subscriptions",
    "organizations_url": "https://api.github.com/users/mikea/orgs",
    "repos_url": "https://api.github.com/users/mikea/repos",
    "events_url": "https://api.github.com/users/mikea/events{/privacy}",
    "received_events_url": "https://api.github.com/users/mikea/received_events",
    "type": "User",
    "site_admin": false
}
