{
    "login": "keegandoig",
    "id": 16011,
    "avatar_url": "https://avatars.githubusercontent.com/u/16011?v=3",
    "gravatar_id": "",
    "url": "https://api.github.com/users/keegandoig",
    "html_url": "https://github.com/keegandoig",
    "followers_url": "https://api.github.com/users/keegandoig/followers",
    "following_url": "https://api.github.com/users/keegandoig/following{/other_user}",
    "gists_url": "https://api.github.com/users/keegandoig/gists{/gist_id}",
    "starred_url": "https://api.github.com/users/keegandoig/starred{/owner}{/repo}",
    "subscriptions_url": "https://api.github.com/users/keegandoig/subscriptions",
    "organizations_url": "https://api.github.com/users/keegandoig/orgs",
    "repos_url": "https://api.github.com/users/keegandoig/repos",
    "events_url": "https://api.github.com/users/keegandoig/events{/privacy}",
    "received_events_url": "https://api.github.com/users/keegandoig/received_events",
    "type": "User",
    "site_admin": false
}
