{
    "login": "svoop",
    "id": 7255,
    "avatar_url": "https://avatars.githubusercontent.com/u/7255?v=3",
    "gravatar_id": "",
    "url": "https://api.github.com/users/svoop",
    "html_url": "https://github.com/svoop",
    "followers_url": "https://api.github.com/users/svoop/followers",
    "following_url": "https://api.github.com/users/svoop/following{/other_user}",
    "gists_url": "https://api.github.com/users/svoop/gists{/gist_id}",
    "starred_url": "https://api.github.com/users/svoop/starred{/owner}{/repo}",
    "subscriptions_url": "https://api.github.com/users/svoop/subscriptions",
    "organizations_url": "https://api.github.com/users/svoop/orgs",
    "repos_url": "https://api.github.com/users/svoop/repos",
    "events_url": "https://api.github.com/users/svoop/events{/privacy}",
    "received_events_url": "https://api.github.com/users/svoop/received_events",
    "type": "User",
    "site_admin": false
}
