{
    "login": "weemie",
    "id": 18022,
    "avatar_url": "https://avatars.githubusercontent.com/u/18022?v=3",
    "gravatar_id": "",
    "url": "https://api.github.com/users/weemie",
    "html_url": "https://github.com/weemie",
    "followers_url": "https://api.github.com/users/weemie/followers",
    "following_url": "https://api.github.com/users/weemie/following{/other_user}",
    "gists_url": "https://api.github.com/users/weemie/gists{/gist_id}",
    "starred_url": "https://api.github.com/users/weemie/starred{/owner}{/repo}",
    "subscriptions_url": "https://api.github.com/users/weemie/subscriptions",
    "organizations_url": "https://api.github.com/users/weemie/orgs",
    "repos_url": "https://api.github.com/users/weemie/repos",
    "events_url": "https://api.github.com/users/weemie/events{/privacy}",
    "received_events_url": "https://api.github.com/users/weemie/received_events",
    "type": "User",
    "site_admin": false
}
