{
    "login": "cbx",
    "id": 1265,
    "avatar_url": "https://avatars.githubusercontent.com/u/1265?v=3",
    "gravatar_id": "",
    "url": "https://api.github.com/users/cbx",
    "html_url": "https://github.com/cbx",
    "followers_url": "https://api.github.com/users/cbx/followers",
    "following_url": "https://api.github.com/users/cbx/following{/other_user}",
    "gists_url": "https://api.github.com/users/cbx/gists{/gist_id}",
    "starred_url": "https://api.github.com/users/cbx/starred{/owner}{/repo}",
    "subscriptions_url": "https://api.github.com/users/cbx/subscriptions",
    "organizations_url": "https://api.github.com/users/cbx/orgs",
    "repos_url": "https://api.github.com/users/cbx/repos",
    "events_url": "https://api.github.com/users/cbx/events{/privacy}",
    "received_events_url": "https://api.github.com/users/cbx/received_events",
    "type": "User",
    "site_admin": false
}
