{
    "login": "xcc2010",
    "id": 20088,
    "avatar_url": "https://avatars.githubusercontent.com/u/20088?v=3",
    "gravatar_id": "",
    "url": "https://api.github.com/users/xcc2010",
    "html_url": "https://github.com/xcc2010",
    "followers_url": "https://api.github.com/users/xcc2010/followers",
    "following_url": "https://api.github.com/users/xcc2010/following{/other_user}",
    "gists_url": "https://api.github.com/users/xcc2010/gists{/gist_id}",
    "starred_url": "https://api.github.com/users/xcc2010/starred{/owner}{/repo}",
    "subscriptions_url": "https://api.github.com/users/xcc2010/subscriptions",
    "organizations_url": "https://api.github.com/users/xcc2010/orgs",
    "repos_url": "https://api.github.com/users/xcc2010/repos",
    "events_url": "https://api.github.com/users/xcc2010/events{/privacy}",
    "received_events_url": "https://api.github.com/users/xcc2010/received_events",
    "type": "User",
    "site_admin": false
}
