{
    "login": "rebecca",
    "id": 13010,
    "avatar_url": "https://avatars.githubusercontent.com/u/13010?v=3",
    "gravatar_id": "",
    "url": "https://api.github.com/users/rebecca",
    "html_url": "https://github.com/rebecca",
    "followers_url": "https://api.github.com/users/rebecca/followers",
    "following_url": "https://api.github.com/users/rebecca/following{/other_user}",
    "gists_url": "https://api.github.com/users/rebecca/gists{/gist_id}",
    "starred_url": "https://api.github.com/users/rebecca/starred{/owner}{/repo}",
    "subscriptions_url": "https://api.github.com/users/rebecca/subscriptions",
    "organizations_url": "https://api.github.com/users/rebecca/orgs",
    "repos_url": "https://api.github.com/users/rebecca/repos",
    "events_url": "https://api.github.com/users/rebecca/events{/privacy}",
    "received_events_url": "https://api.github.com/users/rebecca/received_events",
    "type": "User",
    "site_admin": false
}
