{
    "login": "rmueller",
    "id": 5074,
    "avatar_url": "https://avatars.githubusercontent.com/u/5074?v=3",
    "gravatar_id": "",
    "url": "https://api.github.com/users/rmueller",
    "html_url": "https://github.com/rmueller",
    "followers_url": "https://api.github.com/users/rmueller/followers",
    "following_url": "https://api.github.com/users/rmueller/following{/other_user}",
    "gists_url": "https://api.github.com/users/rmueller/gists{/gist_id}",
    "starred_url": "https://api.github.com/users/rmueller/starred{/owner}{/repo}",
    "subscriptions_url": "https://api.github.com/users/rmueller/subscriptions",
    "organizations_url": "https://api.github.com/users/rmueller/orgs",
    "repos_url": "https://api.github.com/users/rmueller/repos",
    "events_url": "https://api.github.com/users/rmueller/events{/privacy}",
    "received_events_url": "https://api.github.com/users/rmueller/received_events",
    "type": "User",
    "site_admin": false
}
