{
    "login": "benichu",
    "id": 7649,
    "avatar_url": "https://avatars.githubusercontent.com/u/7649?v=3",
    "gravatar_id": "",
    "url": "https://api.github.com/users/benichu",
    "html_url": "https://github.com/benichu",
    "followers_url": "https://api.github.com/users/benichu/followers",
    "following_url": "https://api.github.com/users/benichu/following{/other_user}",
    "gists_url": "https://api.github.com/users/benichu/gists{/gist_id}",
    "starred_url": "https://api.github.com/users/benichu/starred{/owner}{/repo}",
    "subscriptions_url": "https://api.github.com/users/benichu/subscriptions",
    "organizations_url": "https://api.github.com/users/benichu/orgs",
    "repos_url": "https://api.github.com/users/benichu/repos",
    "events_url": "https://api.github.com/users/benichu/events{/privacy}",
    "received_events_url": "https://api.github.com/users/benichu/received_events",
    "type": "User",
    "site_admin": false
}
