{
    "login": "wuwx",
    "id": 4401,
    "avatar_url": "https://avatars.githubusercontent.com/u/4401?v=3",
    "gravatar_id": "",
    "url": "https://api.github.com/users/wuwx",
    "html_url": "https://github.com/wuwx",
    "followers_url": "https://api.github.com/users/wuwx/followers",
    "following_url": "https://api.github.com/users/wuwx/following{/other_user}",
    "gists_url": "https://api.github.com/users/wuwx/gists{/gist_id}",
    "starred_url": "https://api.github.com/users/wuwx/starred{/owner}{/repo}",
    "subscriptions_url": "https://api.github.com/users/wuwx/subscriptions",
    "organizations_url": "https://api.github.com/users/wuwx/orgs",
    "repos_url": "https://api.github.com/users/wuwx/repos",
    "events_url": "https://api.github.com/users/wuwx/events{/privacy}",
    "received_events_url": "https://api.github.com/users/wuwx/received_events",
    "type": "User",
    "site_admin": false
}
