{
    "login": "mwest",
    "id": 2612,
    "avatar_url": "https://avatars.githubusercontent.com/u/2612?v=3",
    "gravatar_id": "",
    "url": "https://api.github.com/users/mwest",
    "html_url": "https://github.com/mwest",
    "followers_url": "https://api.github.com/users/mwest/followers",
    "following_url": "https://api.github.com/users/mwest/following{/other_user}",
    "gists_url": "https://api.github.com/users/mwest/gists{/gist_id}",
    "starred_url": "https://api.github.com/users/mwest/starred{/owner}{/repo}",
    "subscriptions_url": "https://api.github.com/users/mwest/subscriptions",
    "organizations_url": "https://api.github.com/users/mwest/orgs",
    "repos_url": "https://api.github.com/users/mwest/repos",
    "events_url": "https://api.github.com/users/mwest/events{/privacy}",
    "received_events_url": "https://api.github.com/users/mwest/received_events",
    "type": "User",
    "site_admin": false
}
