{
    "login": "wonko9",
    "id": 12093,
    "avatar_url": "https://avatars.githubusercontent.com/u/12093?v=3",
    "gravatar_id": "",
    "url": "https://api.github.com/users/wonko9",
    "html_url": "https://github.com/wonko9",
    "followers_url": "https://api.github.com/users/wonko9/followers",
    "following_url": "https://api.github.com/users/wonko9/following{/other_user}",
    "gists_url": "https://api.github.com/users/wonko9/gists{/gist_id}",
    "starred_url": "https://api.github.com/users/wonko9/starred{/owner}{/repo}",
    "subscriptions_url": "https://api.github.com/users/wonko9/subscriptions",
    "organizations_url": "https://api.github.com/users/wonko9/orgs",
    "repos_url": "https://api.github.com/users/wonko9/repos",
    "events_url": "https://api.github.com/users/wonko9/events{/privacy}",
    "received_events_url": "https://api.github.com/users/wonko9/received_events",
    "type": "User",
    "site_admin": false
}
