{
    "login": "smn",
    "id": 1065,
    "avatar_url": "https://avatars.githubusercontent.com/u/1065?v=3",
    "gravatar_id": "",
    "url": "https://api.github.com/users/smn",
    "html_url": "https://github.com/smn",
    "followers_url": "https://api.github.com/users/smn/followers",
    "following_url": "https://api.github.com/users/smn/following{/other_user}",
    "gists_url": "https://api.github.com/users/smn/gists{/gist_id}",
    "starred_url": "https://api.github.com/users/smn/starred{/owner}{/repo}",
    "subscriptions_url": "https://api.github.com/users/smn/subscriptions",
    "organizations_url": "https://api.github.com/users/smn/orgs",
    "repos_url": "https://api.github.com/users/smn/repos",
    "events_url": "https://api.github.com/users/smn/events{/privacy}",
    "received_events_url": "https://api.github.com/users/smn/received_events",
    "type": "User",
    "site_admin": false
}
