{
    "login": "patrickt",
    "id": 2498,
    "avatar_url": "https://avatars.githubusercontent.com/u/2498?v=3",
    "gravatar_id": "",
    "url": "https://api.github.com/users/patrickt",
    "html_url": "https://github.com/patrickt",
    "followers_url": "https://api.github.com/users/patrickt/followers",
    "following_url": "https://api.github.com/users/patrickt/following{/other_user}",
    "gists_url": "https://api.github.com/users/patrickt/gists{/gist_id}",
    "starred_url": "https://api.github.com/users/patrickt/starred{/owner}{/repo}",
    "subscriptions_url": "https://api.github.com/users/patrickt/subscriptions",
    "organizations_url": "https://api.github.com/users/patrickt/orgs",
    "repos_url": "https://api.github.com/users/patrickt/repos",
    "events_url": "https://api.github.com/users/patrickt/events{/privacy}",
    "received_events_url": "https://api.github.com/users/patrickt/received_events",
    "type": "User",
    "site_admin": false
}
