{
    "login": "th30519",
    "id": 8227,
    "avatar_url": "https://avatars.githubusercontent.com/u/8227?v=3",
    "gravatar_id": "",
    "url": "https://api.github.com/users/th30519",
    "html_url": "https://github.com/th30519",
    "followers_url": "https://api.github.com/users/th30519/followers",
    "following_url": "https://api.github.com/users/th30519/following{/other_user}",
    "gists_url": "https://api.github.com/users/th30519/gists{/gist_id}",
    "starred_url": "https://api.github.com/users/th30519/starred{/owner}{/repo}",
    "subscriptions_url": "https://api.github.com/users/th30519/subscriptions",
    "organizations_url": "https://api.github.com/users/th30519/orgs",
    "repos_url": "https://api.github.com/users/th30519/repos",
    "events_url": "https://api.github.com/users/th30519/events{/privacy}",
    "received_events_url": "https://api.github.com/users/th30519/received_events",
    "type": "User",
    "site_admin": false
}
