{
    "login": "stellsmi",
    "id": 4081,
    "avatar_url": "https://avatars.githubusercontent.com/u/4081?v=3",
    "gravatar_id": "",
    "url": "https://api.github.com/users/stellsmi",
    "html_url": "https://github.com/stellsmi",
    "followers_url": "https://api.github.com/users/stellsmi/followers",
    "following_url": "https://api.github.com/users/stellsmi/following{/other_user}",
    "gists_url": "https://api.github.com/users/stellsmi/gists{/gist_id}",
    "starred_url": "https://api.github.com/users/stellsmi/starred{/owner}{/repo}",
    "subscriptions_url": "https://api.github.com/users/stellsmi/subscriptions",
    "organizations_url": "https://api.github.com/users/stellsmi/orgs",
    "repos_url": "https://api.github.com/users/stellsmi/repos",
    "events_url": "https://api.github.com/users/stellsmi/events{/privacy}",
    "received_events_url": "https://api.github.com/users/stellsmi/received_events",
    "type": "User",
    "site_admin": false
}
