{
    "login": "lee",
    "id": 2014,
    "avatar_url": "https://avatars.githubusercontent.com/u/2014?v=3",
    "gravatar_id": "",
    "url": "https://api.github.com/users/lee",
    "html_url": "https://github.com/lee",
    "followers_url": "https://api.github.com/users/lee/followers",
    "following_url": "https://api.github.com/users/lee/following{/other_user}",
    "gists_url": "https://api.github.com/users/lee/gists{/gist_id}",
    "starred_url": "https://api.github.com/users/lee/starred{/owner}{/repo}",
    "subscriptions_url": "https://api.github.com/users/lee/subscriptions",
    "organizations_url": "https://api.github.com/users/lee/orgs",
    "repos_url": "https://api.github.com/users/lee/repos",
    "events_url": "https://api.github.com/users/lee/events{/privacy}",
    "received_events_url": "https://api.github.com/users/lee/received_events",
    "type": "User",
    "site_admin": false
}
