{
    "login": "dbrock",
    "id": 14032,
    "avatar_url": "https://avatars.githubusercontent.com/u/14032?v=3",
    "gravatar_id": "",
    "url": "https://api.github.com/users/dbrock",
    "html_url": "https://github.com/dbrock",
    "followers_url": "https://api.github.com/users/dbrock/followers",
    "following_url": "https://api.github.com/users/dbrock/following{/other_user}",
    "gists_url": "https://api.github.com/users/dbrock/gists{/gist_id}",
    "starred_url": "https://api.github.com/users/dbrock/starred{/owner}{/repo}",
    "subscriptions_url": "https://api.github.com/users/dbrock/subscriptions",
    "organizations_url": "https://api.github.com/users/dbrock/orgs",
    "repos_url": "https://api.github.com/users/dbrock/repos",
    "events_url": "https://api.github.com/users/dbrock/events{/privacy}",
    "received_events_url": "https://api.github.com/users/dbrock/received_events",
    "type": "User",
    "site_admin": false
}
