{
    "login": "nelsonsilva",
    "id": 6028,
    "avatar_url": "https://avatars.githubusercontent.com/u/6028?v=3",
    "gravatar_id": "",
    "url": "https://api.github.com/users/nelsonsilva",
    "html_url": "https://github.com/nelsonsilva",
    "followers_url": "https://api.github.com/users/nelsonsilva/followers",
    "following_url": "https://api.github.com/users/nelsonsilva/following{/other_user}",
    "gists_url": "https://api.github.com/users/nelsonsilva/gists{/gist_id}",
    "starred_url": "https://api.github.com/users/nelsonsilva/starred{/owner}{/repo}",
    "subscriptions_url": "https://api.github.com/users/nelsonsilva/subscriptions",
    "organizations_url": "https://api.github.com/users/nelsonsilva/orgs",
    "repos_url": "https://api.github.com/users/nelsonsilva/repos",
    "events_url": "https://api.github.com/users/nelsonsilva/events{/privacy}",
    "received_events_url": "https://api.github.com/users/nelsonsilva/received_events",
    "type": "User",
    "site_admin": false
}
