{
    "login": "ponto-zz",
    "id": 20085,
    "avatar_url": "https://avatars.githubusercontent.com/u/20085?v=3",
    "gravatar_id": "",
    "url": "https://api.github.com/users/ponto-zz",
    "html_url": "https://github.com/ponto-zz",
    "followers_url": "https://api.github.com/users/ponto-zz/followers",
    "following_url": "https://api.github.com/users/ponto-zz/following{/other_user}",
    "gists_url": "https://api.github.com/users/ponto-zz/gists{/gist_id}",
    "starred_url": "https://api.github.com/users/ponto-zz/starred{/owner}{/repo}",
    "subscriptions_url": "https://api.github.com/users/ponto-zz/subscriptions",
    "organizations_url": "https://api.github.com/users/ponto-zz/orgs",
    "repos_url": "https://api.github.com/users/ponto-zz/repos",
    "events_url": "https://api.github.com/users/ponto-zz/events{/privacy}",
    "received_events_url": "https://api.github.com/users/ponto-zz/received_events",
    "type": "User",
    "site_admin": false
}
