{
    "login": "SilverTab",
    "id": 15052,
    "avatar_url": "https://avatars.githubusercontent.com/u/15052?v=3",
    "gravatar_id": "",
    "url": "https://api.github.com/users/SilverTab",
    "html_url": "https://github.com/SilverTab",
    "followers_url": "https://api.github.com/users/SilverTab/followers",
    "following_url": "https://api.github.com/users/SilverTab/following{/other_user}",
    "gists_url": "https://api.github.com/users/SilverTab/gists{/gist_id}",
    "starred_url": "https://api.github.com/users/SilverTab/starred{/owner}{/repo}",
    "subscriptions_url": "https://api.github.com/users/SilverTab/subscriptions",
    "organizations_url": "https://api.github.com/users/SilverTab/orgs",
    "repos_url": "https://api.github.com/users/SilverTab/repos",
    "events_url": "https://api.github.com/users/SilverTab/events{/privacy}",
    "received_events_url": "https://api.github.com/users/SilverTab/received_events",
    "type": "User",
    "site_admin": false
}
