{
    "login": "gerrit",
    "id": 3675,
    "avatar_url": "https://avatars.githubusercontent.com/u/3675?v=3",
    "gravatar_id": "",
    "url": "https://api.github.com/users/gerrit",
    "html_url": "https://github.com/gerrit",
    "followers_url": "https://api.github.com/users/gerrit/followers",
    "following_url": "https://api.github.com/users/gerrit/following{/other_user}",
    "gists_url": "https://api.github.com/users/gerrit/gists{/gist_id}",
    "starred_url": "https://api.github.com/users/gerrit/starred{/owner}{/repo}",
    "subscriptions_url": "https://api.github.com/users/gerrit/subscriptions",
    "organizations_url": "https://api.github.com/users/gerrit/orgs",
    "repos_url": "https://api.github.com/users/gerrit/repos",
    "events_url": "https://api.github.com/users/gerrit/events{/privacy}",
    "received_events_url": "https://api.github.com/users/gerrit/received_events",
    "type": "User",
    "site_admin": false
}
