{
    "login": "jjgod",
    "id": 1017,
    "avatar_url": "https://avatars.githubusercontent.com/u/1017?v=3",
    "gravatar_id": "",
    "url": "https://api.github.com/users/jjgod",
    "html_url": "https://github.com/jjgod",
    "followers_url": "https://api.github.com/users/jjgod/followers",
    "following_url": "https://api.github.com/users/jjgod/following{/other_user}",
    "gists_url": "https://api.github.com/users/jjgod/gists{/gist_id}",
    "starred_url": "https://api.github.com/users/jjgod/starred{/owner}{/repo}",
    "subscriptions_url": "https://api.github.com/users/jjgod/subscriptions",
    "organizations_url": "https://api.github.com/users/jjgod/orgs",
    "repos_url": "https://api.github.com/users/jjgod/repos",
    "events_url": "https://api.github.com/users/jjgod/events{/privacy}",
    "received_events_url": "https://api.github.com/users/jjgod/received_events",
    "type": "User",
    "site_admin": false
}
