{
    "login": "cniehaus",
    "id": 9276,
    "avatar_url": "https://avatars.githubusercontent.com/u/9276?v=3",
    "gravatar_id": "",
    "url": "https://api.github.com/users/cniehaus",
    "html_url": "https://github.com/cniehaus",
    "followers_url": "https://api.github.com/users/cniehaus/followers",
    "following_url": "https://api.github.com/users/cniehaus/following{/other_user}",
    "gists_url": "https://api.github.com/users/cniehaus/gists{/gist_id}",
    "starred_url": "https://api.github.com/users/cniehaus/starred{/owner}{/repo}",
    "subscriptions_url": "https://api.github.com/users/cniehaus/subscriptions",
    "organizations_url": "https://api.github.com/users/cniehaus/orgs",
    "repos_url": "https://api.github.com/users/cniehaus/repos",
    "events_url": "https://api.github.com/users/cniehaus/events{/privacy}",
    "received_events_url": "https://api.github.com/users/cniehaus/received_events",
    "type": "User",
    "site_admin": false
}
