{
    "login": "kavianr",
    "id": 18063,
    "avatar_url": "https://avatars.githubusercontent.com/u/18063?v=3",
    "gravatar_id": "",
    "url": "https://api.github.com/users/kavianr",
    "html_url": "https://github.com/kavianr",
    "followers_url": "https://api.github.com/users/kavianr/followers",
    "following_url": "https://api.github.com/users/kavianr/following{/other_user}",
    "gists_url": "https://api.github.com/users/kavianr/gists{/gist_id}",
    "starred_url": "https://api.github.com/users/kavianr/starred{/owner}{/repo}",
    "subscriptions_url": "https://api.github.com/users/kavianr/subscriptions",
    "organizations_url": "https://api.github.com/users/kavianr/orgs",
    "repos_url": "https://api.github.com/users/kavianr/repos",
    "events_url": "https://api.github.com/users/kavianr/events{/privacy}",
    "received_events_url": "https://api.github.com/users/kavianr/received_events",
    "type": "User",
    "site_admin": false
}
