{
    "login": "zacz",
    "id": 9427,
    "avatar_url": "https://avatars.githubusercontent.com/u/9427?v=3",
    "gravatar_id": "",
    "url": "https://api.github.com/users/zacz",
    "html_url": "https://github.com/zacz",
    "followers_url": "https://api.github.com/users/zacz/followers",
    "following_url": "https://api.github.com/users/zacz/following{/other_user}",
    "gists_url": "https://api.github.com/users/zacz/gists{/gist_id}",
    "starred_url": "https://api.github.com/users/zacz/starred{/owner}{/repo}",
    "subscriptions_url": "https://api.github.com/users/zacz/subscriptions",
    "organizations_url": "https://api.github.com/users/zacz/orgs",
    "repos_url": "https://api.github.com/users/zacz/repos",
    "events_url": "https://api.github.com/users/zacz/events{/privacy}",
    "received_events_url": "https://api.github.com/users/zacz/received_events",
    "type": "User",
    "site_admin": false
}
