{
    "login": "kaichen",
    "id": 4048,
    "avatar_url": "https://avatars.githubusercontent.com/u/4048?v=3",
    "gravatar_id": "",
    "url": "https://api.github.com/users/kaichen",
    "html_url": "https://github.com/kaichen",
    "followers_url": "https://api.github.com/users/kaichen/followers",
    "following_url": "https://api.github.com/users/kaichen/following{/other_user}",
    "gists_url": "https://api.github.com/users/kaichen/gists{/gist_id}",
    "starred_url": "https://api.github.com/users/kaichen/starred{/owner}{/repo}",
    "subscriptions_url": "https://api.github.com/users/kaichen/subscriptions",
    "organizations_url": "https://api.github.com/users/kaichen/orgs",
    "repos_url": "https://api.github.com/users/kaichen/repos",
    "events_url": "https://api.github.com/users/kaichen/events{/privacy}",
    "received_events_url": "https://api.github.com/users/kaichen/received_events",
    "type": "User",
    "site_admin": false
}
