{
    "login": "rodr",
    "id": 13036,
    "avatar_url": "https://avatars.githubusercontent.com/u/13036?v=3",
    "gravatar_id": "",
    "url": "https://api.github.com/users/rodr",
    "html_url": "https://github.com/rodr",
    "followers_url": "https://api.github.com/users/rodr/followers",
    "following_url": "https://api.github.com/users/rodr/following{/other_user}",
    "gists_url": "https://api.github.com/users/rodr/gists{/gist_id}",
    "starred_url": "https://api.github.com/users/rodr/starred{/owner}{/repo}",
    "subscriptions_url": "https://api.github.com/users/rodr/subscriptions",
    "organizations_url": "https://api.github.com/users/rodr/orgs",
    "repos_url": "https://api.github.com/users/rodr/repos",
    "events_url": "https://api.github.com/users/rodr/events{/privacy}",
    "received_events_url": "https://api.github.com/users/rodr/received_events",
    "type": "User",
    "site_admin": false
}
