{
    "login": "Flink",
    "id": 5648,
    "avatar_url": "https://avatars.githubusercontent.com/u/5648?v=3",
    "gravatar_id": "",
    "url": "https://api.github.com/users/Flink",
    "html_url": "https://github.com/Flink",
    "followers_url": "https://api.github.com/users/Flink/followers",
    "following_url": "https://api.github.com/users/Flink/following{/other_user}",
    "gists_url": "https://api.github.com/users/Flink/gists{/gist_id}",
    "starred_url": "https://api.github.com/users/Flink/starred{/owner}{/repo}",
    "subscriptions_url": "https://api.github.com/users/Flink/subscriptions",
    "organizations_url": "https://api.github.com/users/Flink/orgs",
    "repos_url": "https://api.github.com/users/Flink/repos",
    "events_url": "https://api.github.com/users/Flink/events{/privacy}",
    "received_events_url": "https://api.github.com/users/Flink/received_events",
    "type": "User",
    "site_admin": false
}
