{
    "login": "marcelo-zoecity",
    "id": 4037,
    "avatar_url": "https://avatars.githubusercontent.com/u/4037?v=3",
    "gravatar_id": "",
    "url": "https://api.github.com/users/marcelo-zoecity",
    "html_url": "https://github.com/marcelo-zoecity",
    "followers_url": "https://api.github.com/users/marcelo-zoecity/followers",
    "following_url": "https://api.github.com/users/marcelo-zoecity/following{/other_user}",
    "gists_url": "https://api.github.com/users/marcelo-zoecity/gists{/gist_id}",
    "starred_url": "https://api.github.com/users/marcelo-zoecity/starred{/owner}{/repo}",
    "subscriptions_url": "https://api.github.com/users/marcelo-zoecity/subscriptions",
    "organizations_url": "https://api.github.com/users/marcelo-zoecity/orgs",
    "repos_url": "https://api.github.com/users/marcelo-zoecity/repos",
    "events_url": "https://api.github.com/users/marcelo-zoecity/events{/privacy}",
    "received_events_url": "https://api.github.com/users/marcelo-zoecity/received_events",
    "type": "User",
    "site_admin": false
}
