{
    "login": "mayrm",
    "id": 11005,
    "avatar_url": "https://avatars.githubusercontent.com/u/11005?v=3",
    "gravatar_id": "",
    "url": "https://api.github.com/users/mayrm",
    "html_url": "https://github.com/mayrm",
    "followers_url": "https://api.github.com/users/mayrm/followers",
    "following_url": "https://api.github.com/users/mayrm/following{/other_user}",
    "gists_url": "https://api.github.com/users/mayrm/gists{/gist_id}",
    "starred_url": "https://api.github.com/users/mayrm/starred{/owner}{/repo}",
    "subscriptions_url": "https://api.github.com/users/mayrm/subscriptions",
    "organizations_url": "https://api.github.com/users/mayrm/orgs",
    "repos_url": "https://api.github.com/users/mayrm/repos",
    "events_url": "https://api.github.com/users/mayrm/events{/privacy}",
    "received_events_url": "https://api.github.com/users/mayrm/received_events",
    "type": "User",
    "site_admin": false
}
