{
    "login": "jezdez",
    "id": 1610,
    "avatar_url": "https://avatars.githubusercontent.com/u/1610?v=3",
    "gravatar_id": "",
    "url": "https://api.github.com/users/jezdez",
    "html_url": "https://github.com/jezdez",
    "followers_url": "https://api.github.com/users/jezdez/followers",
    "following_url": "https://api.github.com/users/jezdez/following{/other_user}",
    "gists_url": "https://api.github.com/users/jezdez/gists{/gist_id}",
    "starred_url": "https://api.github.com/users/jezdez/starred{/owner}{/repo}",
    "subscriptions_url": "https://api.github.com/users/jezdez/subscriptions",
    "organizations_url": "https://api.github.com/users/jezdez/orgs",
    "repos_url": "https://api.github.com/users/jezdez/repos",
    "events_url": "https://api.github.com/users/jezdez/events{/privacy}",
    "received_events_url": "https://api.github.com/users/jezdez/received_events",
    "type": "User",
    "site_admin": false
}
