{
    "login": "tandaraho",
    "id": 6857,
    "avatar_url": "https://avatars.githubusercontent.com/u/6857?v=3",
    "gravatar_id": "",
    "url": "https://api.github.com/users/tandaraho",
    "html_url": "https://github.com/tandaraho",
    "followers_url": "https://api.github.com/users/tandaraho/followers",
    "following_url": "https://api.github.com/users/tandaraho/following{/other_user}",
    "gists_url": "https://api.github.com/users/tandaraho/gists{/gist_id}",
    "starred_url": "https://api.github.com/users/tandaraho/starred{/owner}{/repo}",
    "subscriptions_url": "https://api.github.com/users/tandaraho/subscriptions",
    "organizations_url": "https://api.github.com/users/tandaraho/orgs",
    "repos_url": "https://api.github.com/users/tandaraho/repos",
    "events_url": "https://api.github.com/users/tandaraho/events{/privacy}",
    "received_events_url": "https://api.github.com/users/tandaraho/received_events",
    "type": "User",
    "site_admin": false
}
