{
    "login": "willcannings",
    "id": 4058,
    "avatar_url": "https://avatars.githubusercontent.com/u/4058?v=3",
    "gravatar_id": "",
    "url": "https://api.github.com/users/willcannings",
    "html_url": "https://github.com/willcannings",
    "followers_url": "https://api.github.com/users/willcannings/followers",
    "following_url": "https://api.github.com/users/willcannings/following{/other_user}",
    "gists_url": "https://api.github.com/users/willcannings/gists{/gist_id}",
    "starred_url": "https://api.github.com/users/willcannings/starred{/owner}{/repo}",
    "subscriptions_url": "https://api.github.com/users/willcannings/subscriptions",
    "organizations_url": "https://api.github.com/users/willcannings/orgs",
    "repos_url": "https://api.github.com/users/willcannings/repos",
    "events_url": "https://api.github.com/users/willcannings/events{/privacy}",
    "received_events_url": "https://api.github.com/users/willcannings/received_events",
    "type": "User",
    "site_admin": false
}
