{
    "login": "Nightmare",
    "id": 8202,
    "avatar_url": "https://avatars.githubusercontent.com/u/8202?v=3",
    "gravatar_id": "",
    "url": "https://api.github.com/users/Nightmare",
    "html_url": "https://github.com/Nightmare",
    "followers_url": "https://api.github.com/users/Nightmare/followers",
    "following_url": "https://api.github.com/users/Nightmare/following{/other_user}",
    "gists_url": "https://api.github.com/users/Nightmare/gists{/gist_id}",
    "starred_url": "https://api.github.com/users/Nightmare/starred{/owner}{/repo}",
    "subscriptions_url": "https://api.github.com/users/Nightmare/subscriptions",
    "organizations_url": "https://api.github.com/users/Nightmare/orgs",
    "repos_url": "https://api.github.com/users/Nightmare/repos",
    "events_url": "https://api.github.com/users/Nightmare/events{/privacy}",
    "received_events_url": "https://api.github.com/users/Nightmare/received_events",
    "type": "User",
    "site_admin": false
}
