{
    "login": "seangeo",
    "id": 802,
    "avatar_url": "https://avatars.githubusercontent.com/u/802?v=3",
    "gravatar_id": "",
    "url": "https://api.github.com/users/seangeo",
    "html_url": "https://github.com/seangeo",
    "followers_url": "https://api.github.com/users/seangeo/followers",
    "following_url": "https://api.github.com/users/seangeo/following{/other_user}",
    "gists_url": "https://api.github.com/users/seangeo/gists{/gist_id}",
    "starred_url": "https://api.github.com/users/seangeo/starred{/owner}{/repo}",
    "subscriptions_url": "https://api.github.com/users/seangeo/subscriptions",
    "organizations_url": "https://api.github.com/users/seangeo/orgs",
    "repos_url": "https://api.github.com/users/seangeo/repos",
    "events_url": "https://api.github.com/users/seangeo/events{/privacy}",
    "received_events_url": "https://api.github.com/users/seangeo/received_events",
    "type": "User",
    "site_admin": false
}
