{
    "login": "jamesrtkay",
    "id": 9009,
    "avatar_url": "https://avatars.githubusercontent.com/u/9009?v=3",
    "gravatar_id": "",
    "url": "https://api.github.com/users/jamesrtkay",
    "html_url": "https://github.com/jamesrtkay",
    "followers_url": "https://api.github.com/users/jamesrtkay/followers",
    "following_url": "https://api.github.com/users/jamesrtkay/following{/other_user}",
    "gists_url": "https://api.github.com/users/jamesrtkay/gists{/gist_id}",
    "starred_url": "https://api.github.com/users/jamesrtkay/starred{/owner}{/repo}",
    "subscriptions_url": "https://api.github.com/users/jamesrtkay/subscriptions",
    "organizations_url": "https://api.github.com/users/jamesrtkay/orgs",
    "repos_url": "https://api.github.com/users/jamesrtkay/repos",
    "events_url": "https://api.github.com/users/jamesrtkay/events{/privacy}",
    "received_events_url": "https://api.github.com/users/jamesrtkay/received_events",
    "type": "User",
    "site_admin": false
}
