{
    "login": "gan2",
    "id": 10002,
    "avatar_url": "https://avatars.githubusercontent.com/u/10002?v=3",
    "gravatar_id": "",
    "url": "https://api.github.com/users/gan2",
    "html_url": "https://github.com/gan2",
    "followers_url": "https://api.github.com/users/gan2/followers",
    "following_url": "https://api.github.com/users/gan2/following{/other_user}",
    "gists_url": "https://api.github.com/users/gan2/gists{/gist_id}",
    "starred_url": "https://api.github.com/users/gan2/starred{/owner}{/repo}",
    "subscriptions_url": "https://api.github.com/users/gan2/subscriptions",
    "organizations_url": "https://api.github.com/users/gan2/orgs",
    "repos_url": "https://api.github.com/users/gan2/repos",
    "events_url": "https://api.github.com/users/gan2/events{/privacy}",
    "received_events_url": "https://api.github.com/users/gan2/received_events",
    "type": "User",
    "site_admin": false
}
