{
    "login": "federicomenaquintero",
    "id": 7617,
    "avatar_url": "https://avatars.githubusercontent.com/u/7617?v=3",
    "gravatar_id": "",
    "url": "https://api.github.com/users/federicomenaquintero",
    "html_url": "https://github.com/federicomenaquintero",
    "followers_url": "https://api.github.com/users/federicomenaquintero/followers",
    "following_url": "https://api.github.com/users/federicomenaquintero/following{/other_user}",
    "gists_url": "https://api.github.com/users/federicomenaquintero/gists{/gist_id}",
    "starred_url": "https://api.github.com/users/federicomenaquintero/starred{/owner}{/repo}",
    "subscriptions_url": "https://api.github.com/users/federicomenaquintero/subscriptions",
    "organizations_url": "https://api.github.com/users/federicomenaquintero/orgs",
    "repos_url": "https://api.github.com/users/federicomenaquintero/repos",
    "events_url": "https://api.github.com/users/federicomenaquintero/events{/privacy}",
    "received_events_url": "https://api.github.com/users/federicomenaquintero/received_events",
    "type": "User",
    "site_admin": false
}
