{
    "login": "juanghurtado",
    "id": 5070,
    "avatar_url": "https://avatars.githubusercontent.com/u/5070?v=3",
    "gravatar_id": "",
    "url": "https://api.github.com/users/juanghurtado",
    "html_url": "https://github.com/juanghurtado",
    "followers_url": "https://api.github.com/users/juanghurtado/followers",
    "following_url": "https://api.github.com/users/juanghurtado/following{/other_user}",
    "gists_url": "https://api.github.com/users/juanghurtado/gists{/gist_id}",
    "starred_url": "https://api.github.com/users/juanghurtado/starred{/owner}{/repo}",
    "subscriptions_url": "https://api.github.com/users/juanghurtado/subscriptions",
    "organizations_url": "https://api.github.com/users/juanghurtado/orgs",
    "repos_url": "https://api.github.com/users/juanghurtado/repos",
    "events_url": "https://api.github.com/users/juanghurtado/events{/privacy}",
    "received_events_url": "https://api.github.com/users/juanghurtado/received_events",
    "type": "User",
    "site_admin": false
}
