{
    "login": "titan86",
    "id": 19085,
    "avatar_url": "https://avatars.githubusercontent.com/u/19085?v=3",
    "gravatar_id": "",
    "url": "https://api.github.com/users/titan86",
    "html_url": "https://github.com/titan86",
    "followers_url": "https://api.github.com/users/titan86/followers",
    "following_url": "https://api.github.com/users/titan86/following{/other_user}",
    "gists_url": "https://api.github.com/users/titan86/gists{/gist_id}",
    "starred_url": "https://api.github.com/users/titan86/starred{/owner}{/repo}",
    "subscriptions_url": "https://api.github.com/users/titan86/subscriptions",
    "organizations_url": "https://api.github.com/users/titan86/orgs",
    "repos_url": "https://api.github.com/users/titan86/repos",
    "events_url": "https://api.github.com/users/titan86/events{/privacy}",
    "received_events_url": "https://api.github.com/users/titan86/received_events",
    "type": "User",
    "site_admin": false
}
