{
    "login": "cristiantacchi",
    "id": 8014,
    "avatar_url": "https://avatars.githubusercontent.com/u/8014?v=3",
    "gravatar_id": "",
    "url": "https://api.github.com/users/cristiantacchi",
    "html_url": "https://github.com/cristiantacchi",
    "followers_url": "https://api.github.com/users/cristiantacchi/followers",
    "following_url": "https://api.github.com/users/cristiantacchi/following{/other_user}",
    "gists_url": "https://api.github.com/users/cristiantacchi/gists{/gist_id}",
    "starred_url": "https://api.github.com/users/cristiantacchi/starred{/owner}{/repo}",
    "subscriptions_url": "https://api.github.com/users/cristiantacchi/subscriptions",
    "organizations_url": "https://api.github.com/users/cristiantacchi/orgs",
    "repos_url": "https://api.github.com/users/cristiantacchi/repos",
    "events_url": "https://api.github.com/users/cristiantacchi/events{/privacy}",
    "received_events_url": "https://api.github.com/users/cristiantacchi/received_events",
    "type": "User",
    "site_admin": false
}
