{
    "login": "eeoam",
    "id": 20054,
    "avatar_url": "https://avatars.githubusercontent.com/u/20054?v=3",
    "gravatar_id": "",
    "url": "https://api.github.com/users/eeoam",
    "html_url": "https://github.com/eeoam",
    "followers_url": "https://api.github.com/users/eeoam/followers",
    "following_url": "https://api.github.com/users/eeoam/following{/other_user}",
    "gists_url": "https://api.github.com/users/eeoam/gists{/gist_id}",
    "starred_url": "https://api.github.com/users/eeoam/starred{/owner}{/repo}",
    "subscriptions_url": "https://api.github.com/users/eeoam/subscriptions",
    "organizations_url": "https://api.github.com/users/eeoam/orgs",
    "repos_url": "https://api.github.com/users/eeoam/repos",
    "events_url": "https://api.github.com/users/eeoam/events{/privacy}",
    "received_events_url": "https://api.github.com/users/eeoam/received_events",
    "type": "User",
    "site_admin": false
}
