{
    "login": "thynctank",
    "id": 5626,
    "avatar_url": "https://avatars.githubusercontent.com/u/5626?v=3",
    "gravatar_id": "",
    "url": "https://api.github.com/users/thynctank",
    "html_url": "https://github.com/thynctank",
    "followers_url": "https://api.github.com/users/thynctank/followers",
    "following_url": "https://api.github.com/users/thynctank/following{/other_user}",
    "gists_url": "https://api.github.com/users/thynctank/gists{/gist_id}",
    "starred_url": "https://api.github.com/users/thynctank/starred{/owner}{/repo}",
    "subscriptions_url": "https://api.github.com/users/thynctank/subscriptions",
    "organizations_url": "https://api.github.com/users/thynctank/orgs",
    "repos_url": "https://api.github.com/users/thynctank/repos",
    "events_url": "https://api.github.com/users/thynctank/events{/privacy}",
    "received_events_url": "https://api.github.com/users/thynctank/received_events",
    "type": "User",
    "site_admin": false
}
