{
    "login": "JonGretar",
    "id": 5077,
    "avatar_url": "https://avatars.githubusercontent.com/u/5077?v=3",
    "gravatar_id": "",
    "url": "https://api.github.com/users/JonGretar",
    "html_url": "https://github.com/JonGretar",
    "followers_url": "https://api.github.com/users/JonGretar/followers",
    "following_url": "https://api.github.com/users/JonGretar/following{/other_user}",
    "gists_url": "https://api.github.com/users/JonGretar/gists{/gist_id}",
    "starred_url": "https://api.github.com/users/JonGretar/starred{/owner}{/repo}",
    "subscriptions_url": "https://api.github.com/users/JonGretar/subscriptions",
    "organizations_url": "https://api.github.com/users/JonGretar/orgs",
    "repos_url": "https://api.github.com/users/JonGretar/repos",
    "events_url": "https://api.github.com/users/JonGretar/events{/privacy}",
    "received_events_url": "https://api.github.com/users/JonGretar/received_events",
    "type": "User",
    "site_admin": false
}
