{
    "login": "insomniapps",
    "id": 6219,
    "avatar_url": "https://avatars.githubusercontent.com/u/6219?v=3",
    "gravatar_id": "",
    "url": "https://api.github.com/users/insomniapps",
    "html_url": "https://github.com/insomniapps",
    "followers_url": "https://api.github.com/users/insomniapps/followers",
    "following_url": "https://api.github.com/users/insomniapps/following{/other_user}",
    "gists_url": "https://api.github.com/users/insomniapps/gists{/gist_id}",
    "starred_url": "https://api.github.com/users/insomniapps/starred{/owner}{/repo}",
    "subscriptions_url": "https://api.github.com/users/insomniapps/subscriptions",
    "organizations_url": "https://api.github.com/users/insomniapps/orgs",
    "repos_url": "https://api.github.com/users/insomniapps/repos",
    "events_url": "https://api.github.com/users/insomniapps/events{/privacy}",
    "received_events_url": "https://api.github.com/users/insomniapps/received_events",
    "type": "User",
    "site_admin": false
}
