{
    "login": "zilvinas",
    "id": 2004,
    "avatar_url": "https://avatars.githubusercontent.com/u/2004?v=3",
    "gravatar_id": "",
    "url": "https://api.github.com/users/zilvinas",
    "html_url": "https://github.com/zilvinas",
    "followers_url": "https://api.github.com/users/zilvinas/followers",
    "following_url": "https://api.github.com/users/zilvinas/following{/other_user}",
    "gists_url": "https://api.github.com/users/zilvinas/gists{/gist_id}",
    "starred_url": "https://api.github.com/users/zilvinas/starred{/owner}{/repo}",
    "subscriptions_url": "https://api.github.com/users/zilvinas/subscriptions",
    "organizations_url": "https://api.github.com/users/zilvinas/orgs",
    "repos_url": "https://api.github.com/users/zilvinas/repos",
    "events_url": "https://api.github.com/users/zilvinas/events{/privacy}",
    "received_events_url": "https://api.github.com/users/zilvinas/received_events",
    "type": "User",
    "site_admin": false
}
