{
    "login": "deedubs",
    "id": 10067,
    "avatar_url": "https://avatars.githubusercontent.com/u/10067?v=3",
    "gravatar_id": "",
    "url": "https://api.github.com/users/deedubs",
    "html_url": "https://github.com/deedubs",
    "followers_url": "https://api.github.com/users/deedubs/followers",
    "following_url": "https://api.github.com/users/deedubs/following{/other_user}",
    "gists_url": "https://api.github.com/users/deedubs/gists{/gist_id}",
    "starred_url": "https://api.github.com/users/deedubs/starred{/owner}{/repo}",
    "subscriptions_url": "https://api.github.com/users/deedubs/subscriptions",
    "organizations_url": "https://api.github.com/users/deedubs/orgs",
    "repos_url": "https://api.github.com/users/deedubs/repos",
    "events_url": "https://api.github.com/users/deedubs/events{/privacy}",
    "received_events_url": "https://api.github.com/users/deedubs/received_events",
    "type": "User",
    "site_admin": false
}
