{
    "login": "sleberrigaud",
    "id": 20099,
    "avatar_url": "https://avatars.githubusercontent.com/u/20099?v=3",
    "gravatar_id": "",
    "url": "https://api.github.com/users/sleberrigaud",
    "html_url": "https://github.com/sleberrigaud",
    "followers_url": "https://api.github.com/users/sleberrigaud/followers",
    "following_url": "https://api.github.com/users/sleberrigaud/following{/other_user}",
    "gists_url": "https://api.github.com/users/sleberrigaud/gists{/gist_id}",
    "starred_url": "https://api.github.com/users/sleberrigaud/starred{/owner}{/repo}",
    "subscriptions_url": "https://api.github.com/users/sleberrigaud/subscriptions",
    "organizations_url": "https://api.github.com/users/sleberrigaud/orgs",
    "repos_url": "https://api.github.com/users/sleberrigaud/repos",
    "events_url": "https://api.github.com/users/sleberrigaud/events{/privacy}",
    "received_events_url": "https://api.github.com/users/sleberrigaud/received_events",
    "type": "User",
    "site_admin": false
}
