{
    "login": "huikau",
    "id": 2670,
    "avatar_url": "https://avatars.githubusercontent.com/u/2670?v=3",
    "gravatar_id": "",
    "url": "https://api.github.com/users/huikau",
    "html_url": "https://github.com/huikau",
    "followers_url": "https://api.github.com/users/huikau/followers",
    "following_url": "https://api.github.com/users/huikau/following{/other_user}",
    "gists_url": "https://api.github.com/users/huikau/gists{/gist_id}",
    "starred_url": "https://api.github.com/users/huikau/starred{/owner}{/repo}",
    "subscriptions_url": "https://api.github.com/users/huikau/subscriptions",
    "organizations_url": "https://api.github.com/users/huikau/orgs",
    "repos_url": "https://api.github.com/users/huikau/repos",
    "events_url": "https://api.github.com/users/huikau/events{/privacy}",
    "received_events_url": "https://api.github.com/users/huikau/received_events",
    "type": "User",
    "site_admin": false
}
