{
    "login": "darrylring",
    "id": 2666,
    "avatar_url": "https://avatars.githubusercontent.com/u/2666?v=3",
    "gravatar_id": "",
    "url": "https://api.github.com/users/darrylring",
    "html_url": "https://github.com/darrylring",
    "followers_url": "https://api.github.com/users/darrylring/followers",
    "following_url": "https://api.github.com/users/darrylring/following{/other_user}",
    "gists_url": "https://api.github.com/users/darrylring/gists{/gist_id}",
    "starred_url": "https://api.github.com/users/darrylring/starred{/owner}{/repo}",
    "subscriptions_url": "https://api.github.com/users/darrylring/subscriptions",
    "organizations_url": "https://api.github.com/users/darrylring/orgs",
    "repos_url": "https://api.github.com/users/darrylring/repos",
    "events_url": "https://api.github.com/users/darrylring/events{/privacy}",
    "received_events_url": "https://api.github.com/users/darrylring/received_events",
    "type": "User",
    "site_admin": false
}
