{
    "login": "trygithubnow",
    "id": 16100,
    "avatar_url": "https://avatars.githubusercontent.com/u/16100?v=3",
    "gravatar_id": "",
    "url": "https://api.github.com/users/trygithubnow",
    "html_url": "https://github.com/trygithubnow",
    "followers_url": "https://api.github.com/users/trygithubnow/followers",
    "following_url": "https://api.github.com/users/trygithubnow/following{/other_user}",
    "gists_url": "https://api.github.com/users/trygithubnow/gists{/gist_id}",
    "starred_url": "https://api.github.com/users/trygithubnow/starred{/owner}{/repo}",
    "subscriptions_url": "https://api.github.com/users/trygithubnow/subscriptions",
    "organizations_url": "https://api.github.com/users/trygithubnow/orgs",
    "repos_url": "https://api.github.com/users/trygithubnow/repos",
    "events_url": "https://api.github.com/users/trygithubnow/events{/privacy}",
    "received_events_url": "https://api.github.com/users/trygithubnow/received_events",
    "type": "User",
    "site_admin": false
}
