{
    "login": "amahishi",
    "id": 20027,
    "avatar_url": "https://avatars.githubusercontent.com/u/20027?v=3",
    "gravatar_id": "",
    "url": "https://api.github.com/users/amahishi",
    "html_url": "https://github.com/amahishi",
    "followers_url": "https://api.github.com/users/amahishi/followers",
    "following_url": "https://api.github.com/users/amahishi/following{/other_user}",
    "gists_url": "https://api.github.com/users/amahishi/gists{/gist_id}",
    "starred_url": "https://api.github.com/users/amahishi/starred{/owner}{/repo}",
    "subscriptions_url": "https://api.github.com/users/amahishi/subscriptions",
    "organizations_url": "https://api.github.com/users/amahishi/orgs",
    "repos_url": "https://api.github.com/users/amahishi/repos",
    "events_url": "https://api.github.com/users/amahishi/events{/privacy}",
    "received_events_url": "https://api.github.com/users/amahishi/received_events",
    "type": "User",
    "site_admin": false
}
