{
    "login": "tlossen",
    "id": 7850,
    "avatar_url": "https://avatars.githubusercontent.com/u/7850?v=3",
    "gravatar_id": "",
    "url": "https://api.github.com/users/tlossen",
    "html_url": "https://github.com/tlossen",
    "followers_url": "https://api.github.com/users/tlossen/followers",
    "following_url": "https://api.github.com/users/tlossen/following{/other_user}",
    "gists_url": "https://api.github.com/users/tlossen/gists{/gist_id}",
    "starred_url": "https://api.github.com/users/tlossen/starred{/owner}{/repo}",
    "subscriptions_url": "https://api.github.com/users/tlossen/subscriptions",
    "organizations_url": "https://api.github.com/users/tlossen/orgs",
    "repos_url": "https://api.github.com/users/tlossen/repos",
    "events_url": "https://api.github.com/users/tlossen/events{/privacy}",
    "received_events_url": "https://api.github.com/users/tlossen/received_events",
    "type": "User",
    "site_admin": false
}
