{
    "login": "whitethunder",
    "id": 7601,
    "avatar_url": "https://avatars.githubusercontent.com/u/7601?v=3",
    "gravatar_id": "",
    "url": "https://api.github.com/users/whitethunder",
    "html_url": "https://github.com/whitethunder",
    "followers_url": "https://api.github.com/users/whitethunder/followers",
    "following_url": "https://api.github.com/users/whitethunder/following{/other_user}",
    "gists_url": "https://api.github.com/users/whitethunder/gists{/gist_id}",
    "starred_url": "https://api.github.com/users/whitethunder/starred{/owner}{/repo}",
    "subscriptions_url": "https://api.github.com/users/whitethunder/subscriptions",
    "organizations_url": "https://api.github.com/users/whitethunder/orgs",
    "repos_url": "https://api.github.com/users/whitethunder/repos",
    "events_url": "https://api.github.com/users/whitethunder/events{/privacy}",
    "received_events_url": "https://api.github.com/users/whitethunder/received_events",
    "type": "User",
    "site_admin": false
}
