{
    "login": "willduncanphoto",
    "id": 2657,
    "avatar_url": "https://avatars.githubusercontent.com/u/2657?v=3",
    "gravatar_id": "",
    "url": "https://api.github.com/users/willduncanphoto",
    "html_url": "https://github.com/willduncanphoto",
    "followers_url": "https://api.github.com/users/willduncanphoto/followers",
    "following_url": "https://api.github.com/users/willduncanphoto/following{/other_user}",
    "gists_url": "https://api.github.com/users/willduncanphoto/gists{/gist_id}",
    "starred_url": "https://api.github.com/users/willduncanphoto/starred{/owner}{/repo}",
    "subscriptions_url": "https://api.github.com/users/willduncanphoto/subscriptions",
    "organizations_url": "https://api.github.com/users/willduncanphoto/orgs",
    "repos_url": "https://api.github.com/users/willduncanphoto/repos",
    "events_url": "https://api.github.com/users/willduncanphoto/events{/privacy}",
    "received_events_url": "https://api.github.com/users/willduncanphoto/received_events",
    "type": "User",
    "site_admin": false
}
