{
    "login": "sull",
    "id": 6834,
    "avatar_url": "https://avatars.githubusercontent.com/u/6834?v=3",
    "gravatar_id": "",
    "url": "https://api.github.com/users/sull",
    "html_url": "https://github.com/sull",
    "followers_url": "https://api.github.com/users/sull/followers",
    "following_url": "https://api.github.com/users/sull/following{/other_user}",
    "gists_url": "https://api.github.com/users/sull/gists{/gist_id}",
    "starred_url": "https://api.github.com/users/sull/starred{/owner}{/repo}",
    "subscriptions_url": "https://api.github.com/users/sull/subscriptions",
    "organizations_url": "https://api.github.com/users/sull/orgs",
    "repos_url": "https://api.github.com/users/sull/repos",
    "events_url": "https://api.github.com/users/sull/events{/privacy}",
    "received_events_url": "https://api.github.com/users/sull/received_events",
    "type": "User",
    "site_admin": false
}
