{
    "login": "loe",
    "id": 3238,
    "avatar_url": "https://avatars.githubusercontent.com/u/3238?v=3",
    "gravatar_id": "",
    "url": "https://api.github.com/users/loe",
    "html_url": "https://github.com/loe",
    "followers_url": "https://api.github.com/users/loe/followers",
    "following_url": "https://api.github.com/users/loe/following{/other_user}",
    "gists_url": "https://api.github.com/users/loe/gists{/gist_id}",
    "starred_url": "https://api.github.com/users/loe/starred{/owner}{/repo}",
    "subscriptions_url": "https://api.github.com/users/loe/subscriptions",
    "organizations_url": "https://api.github.com/users/loe/orgs",
    "repos_url": "https://api.github.com/users/loe/repos",
    "events_url": "https://api.github.com/users/loe/events{/privacy}",
    "received_events_url": "https://api.github.com/users/loe/received_events",
    "type": "User",
    "site_admin": false
}
