{
    "login": "RyanSylvestre",
    "id": 4403,
    "avatar_url": "https://avatars.githubusercontent.com/u/4403?v=3",
    "gravatar_id": "",
    "url": "https://api.github.com/users/RyanSylvestre",
    "html_url": "https://github.com/RyanSylvestre",
    "followers_url": "https://api.github.com/users/RyanSylvestre/followers",
    "following_url": "https://api.github.com/users/RyanSylvestre/following{/other_user}",
    "gists_url": "https://api.github.com/users/RyanSylvestre/gists{/gist_id}",
    "starred_url": "https://api.github.com/users/RyanSylvestre/starred{/owner}{/repo}",
    "subscriptions_url": "https://api.github.com/users/RyanSylvestre/subscriptions",
    "organizations_url": "https://api.github.com/users/RyanSylvestre/orgs",
    "repos_url": "https://api.github.com/users/RyanSylvestre/repos",
    "events_url": "https://api.github.com/users/RyanSylvestre/events{/privacy}",
    "received_events_url": "https://api.github.com/users/RyanSylvestre/received_events",
    "type": "User",
    "site_admin": false
}
